"","line","sentiment","n","paragraph"
"1",12,"trust",1,1
"2",17,"joy",1,1
"3",21,"disgust",1,1
"4",22,"anticipation",1,1
"5",22,"disgust",1,1
"6",22,"joy",1,1
"7",22,"surprise",1,1
"8",23,"anticipation",1,1
"9",23,"joy",1,1
"10",23,"surprise",1,1
"11",31,"fear",1,1
"12",32,"disgust",1,1
"13",44,"joy",1,1
"14",45,"anticipation",1,1
"15",45,"joy",1,1
"16",45,"sadness",1,1
"17",45,"trust",1,1
"18",47,"disgust",1,1
"19",52,"joy",1,1
"20",52,"trust",1,1
"21",60,"anticipation",1,1
"22",60,"joy",2,1
"23",60,"surprise",1,1
"24",60,"trust",1,1
"25",64,"joy",1,1
"26",64,"surprise",1,1
"27",64,"trust",1,1
"28",75,"anticipation",1,1
"29",82,"joy",1,1
"30",82,"trust",1,1
"31",83,"anticipation",1,1
"32",89,"anger",1,1
"33",89,"disgust",1,1
"34",89,"fear",1,1
"35",89,"joy",1,1
"36",89,"sadness",1,1
"37",89,"trust",1,1
"38",94,"anticipation",1,1
"39",94,"trust",1,1
"40",95,"disgust",1,1
"41",95,"surprise",1,1
"42",96,"anger",1,1
"43",96,"trust",1,1
"44",108,"disgust",1,1
"45",109,"anticipation",1,1
"46",112,"anger",1,1
"47",112,"fear",1,1
"48",112,"sadness",1,1
"49",112,"surprise",1,1
"50",119,"anticipation",1,1
"51",119,"fear",1,1
"52",119,"surprise",1,1
"53",123,"disgust",1,1
"54",123,"sadness",1,1
"55",126,"trust",1,1
"56",133,"anticipation",1,1
"57",173,"anger",1,2
"58",173,"fear",1,2
"59",173,"surprise",1,2
"60",183,"sadness",1,2
"61",185,"fear",1,2
"62",187,"disgust",1,2
"63",187,"sadness",1,2
"64",188,"disgust",1,2
"65",200,"anticipation",1,2
"66",200,"disgust",1,2
"67",200,"joy",1,2
"68",200,"surprise",1,2
"69",200,"trust",1,2
"70",212,"anger",1,2
"71",215,"anger",1,2
"72",217,"anger",1,2
"73",220,"anger",1,2
"74",245,"anger",1,2
"75",263,"joy",1,2
"76",265,"trust",1,2
"77",267,"surprise",1,2
"78",272,"anticipation",1,2
"79",272,"sadness",1,2
"80",306,"sadness",1,2
"81",308,"surprise",1,2
"82",310,"disgust",1,2
"83",312,"fear",1,2
"84",313,"disgust",1,2
"85",313,"sadness",1,2
"86",317,"anticipation",2,2
"87",317,"joy",1,2
"88",317,"trust",1,2
"89",340,"anticipation",1,3
"90",340,"fear",1,3
"91",342,"anger",1,3
"92",342,"anticipation",1,3
"93",350,"anger",1,3
"94",350,"anticipation",1,3
"95",350,"fear",1,3
"96",351,"joy",1,3
"97",353,"anticipation",1,3
"98",353,"trust",1,3
"99",355,"anticipation",1,3
"100",355,"fear",1,3
"101",366,"anticipation",1,3
"102",366,"joy",1,3
"103",366,"surprise",1,3
"104",377,"anger",1,3
"105",377,"disgust",1,3
"106",377,"fear",1,3
"107",377,"sadness",1,3
"108",377,"surprise",1,3
"109",377,"trust",1,3
"110",379,"anger",1,3
"111",379,"anticipation",2,3
"112",379,"disgust",1,3
"113",379,"fear",2,3
"114",379,"joy",1,3
"115",379,"sadness",1,3
"116",379,"surprise",1,3
"117",379,"trust",1,3
"118",380,"disgust",1,3
"119",381,"anticipation",1,3
"120",393,"sadness",1,3
"121",394,"trust",1,3
"122",395,"anger",2,3
"123",397,"disgust",1,3
"124",399,"anticipation",1,3
"125",399,"joy",1,3
"126",399,"surprise",1,3
"127",399,"trust",1,3
"128",402,"anger",1,3
"129",412,"joy",1,3
"130",423,"anticipation",2,3
"131",423,"joy",1,3
"132",423,"trust",1,3
"133",444,"fear",1,3
"134",446,"anticipation",1,3
"135",446,"joy",1,3
"136",446,"surprise",1,3
"137",448,"surprise",1,3
"138",460,"trust",1,3
"139",461,"anticipation",1,3
"140",461,"fear",1,3
"141",463,"trust",1,3
"142",464,"anger",1,3
"143",464,"disgust",1,3
"144",464,"fear",1,3
"145",464,"surprise",1,3
"146",467,"sadness",1,3
"147",473,"sadness",1,3
"148",474,"anger",1,3
"149",474,"fear",1,3
"150",480,"anticipation",1,3
"151",480,"fear",1,3
"152",480,"sadness",1,3
"153",481,"surprise",1,3
"154",484,"anticipation",2,3
"155",487,"anticipation",1,3
"156",490,"anticipation",1,3
"157",494,"anticipation",1,3
"158",494,"fear",1,3
"159",498,"anticipation",1,4
"160",498,"fear",1,4
"161",499,"anticipation",1,4
"162",503,"anticipation",1,4
"163",505,"anger",1,4
"164",505,"anticipation",1,4
"165",505,"fear",1,4
"166",509,"trust",1,4
"167",512,"anticipation",1,4
"168",517,"trust",1,4
"169",529,"joy",1,4
"170",529,"surprise",1,4
"171",531,"anticipation",1,4
"172",532,"anticipation",1,4
"173",532,"surprise",1,4
"174",533,"disgust",1,4
"175",533,"fear",2,4
"176",541,"anticipation",1,4
"177",541,"fear",1,4
"178",541,"sadness",1,4
"179",545,"anger",1,4
"180",545,"disgust",1,4
"181",545,"fear",1,4
"182",545,"sadness",1,4
"183",547,"fear",1,4
"184",561,"anticipation",1,4
"185",563,"trust",1,4
"186",565,"trust",1,4
"187",569,"anticipation",1,4
"188",569,"joy",1,4
"189",569,"sadness",1,4
"190",569,"trust",1,4
"191",570,"disgust",2,4
"192",577,"anticipation",1,4
"193",577,"joy",1,4
"194",577,"sadness",1,4
"195",577,"trust",1,4
"196",585,"trust",1,4
"197",588,"trust",1,4
"198",591,"joy",1,4
"199",591,"surprise",1,4
"200",591,"trust",1,4
"201",596,"trust",1,4
"202",608,"fear",1,4
"203",610,"anticipation",1,4
"204",610,"joy",1,4
"205",610,"surprise",1,4
"206",610,"trust",1,4
"207",616,"sadness",1,4
"208",616,"surprise",1,4
"209",627,"disgust",1,4
"210",630,"trust",1,4
"211",635,"fear",1,4
"212",635,"surprise",1,4
"213",641,"anger",1,4
"214",641,"disgust",1,4
"215",641,"fear",1,4
"216",641,"sadness",1,4
"217",643,"anger",1,4
"218",643,"disgust",1,4
"219",643,"fear",1,4
"220",643,"sadness",1,4
"221",648,"anger",1,4
"222",648,"disgust",1,4
"223",648,"sadness",1,4
"224",666,"anticipation",2,5
"225",666,"disgust",1,5
"226",666,"joy",2,5
"227",666,"surprise",1,5
"228",666,"trust",2,5
"229",667,"anticipation",1,5
"230",677,"trust",1,5
"231",683,"anticipation",1,5
"232",683,"trust",1,5
"233",699,"anticipation",1,5
"234",699,"disgust",1,5
"235",699,"joy",1,5
"236",699,"surprise",1,5
"237",699,"trust",1,5
"238",700,"anticipation",1,5
"239",700,"joy",1,5
"240",700,"trust",1,5
"241",709,"anticipation",1,5
"242",711,"surprise",1,5
"243",740,"sadness",1,5
"244",740,"trust",1,5
"245",742,"fear",1,5
"246",746,"fear",1,5
"247",747,"anticipation",1,5
"248",754,"anticipation",1,5
"249",757,"anger",2,5
"250",757,"anticipation",1,5
"251",757,"disgust",2,5
"252",757,"fear",2,5
"253",757,"joy",1,5
"254",757,"sadness",3,5
"255",757,"surprise",2,5
"256",757,"trust",1,5
"257",758,"anticipation",1,5
"258",759,"anticipation",1,5
"259",759,"joy",1,5
"260",759,"trust",1,5
"261",775,"joy",1,5
"262",775,"surprise",1,5
"263",775,"trust",1,5
"264",782,"anticipation",1,5
"265",782,"joy",1,5
"266",782,"sadness",1,5
"267",782,"trust",1,5
"268",786,"surprise",1,5
"269",791,"anger",1,5
"270",791,"anticipation",1,5
"271",791,"disgust",1,5
"272",791,"fear",1,5
"273",791,"joy",2,5
"274",791,"sadness",1,5
"275",791,"surprise",1,5
"276",791,"trust",1,5
"277",792,"anticipation",1,5
"278",792,"surprise",1,5
"279",794,"anticipation",1,5
"280",794,"surprise",1,5
"281",821,"anger",1,5
"282",821,"sadness",1,5
"283",830,"anticipation",1,6
"284",833,"anticipation",1,6
"285",834,"anticipation",1,6
"286",834,"joy",1,6
"287",834,"surprise",1,6
"288",834,"trust",1,6
"289",835,"trust",1,6
"290",843,"anger",1,6
"291",843,"anticipation",2,6
"292",843,"joy",1,6
"293",843,"sadness",1,6
"294",843,"surprise",1,6
"295",843,"trust",1,6
"296",844,"disgust",1,6
"297",847,"anger",1,6
"298",858,"anticipation",1,6
"299",865,"joy",1,6
"300",870,"joy",1,6
"301",873,"disgust",1,6
"302",883,"anger",1,6
"303",883,"disgust",1,6
"304",883,"trust",1,6
"305",887,"trust",1,6
"306",890,"joy",1,6
"307",890,"trust",1,6
"308",916,"anticipation",2,6
"309",916,"joy",2,6
"310",916,"surprise",1,6
"311",916,"trust",1,6
"312",918,"disgust",1,6
"313",919,"anticipation",1,6
"314",919,"joy",1,6
"315",919,"surprise",1,6
"316",919,"trust",1,6
"317",920,"fear",1,6
"318",920,"sadness",1,6
"319",920,"surprise",1,6
"320",922,"anticipation",1,6
"321",922,"fear",1,6
"322",927,"anticipation",1,6
"323",941,"joy",1,6
"324",941,"surprise",2,6
"325",941,"trust",1,6
"326",952,"fear",1,6
"327",959,"anger",1,6
"328",966,"surprise",1,6
"329",966,"trust",1,6
"330",977,"trust",1,6
"331",978,"anger",1,6
"332",979,"anger",1,6
"333",979,"anticipation",1,6
"334",979,"disgust",1,6
"335",979,"fear",1,6
"336",979,"joy",1,6
"337",979,"trust",1,6
"338",983,"trust",1,6
"339",985,"disgust",1,6
"340",985,"trust",1,6
"341",986,"trust",1,6
"342",989,"joy",1,6
"343",989,"trust",1,6
"344",990,"joy",1,7
"345",990,"trust",1,7
"346",1005,"fear",1,7
"347",1008,"trust",1,7
"348",1017,"sadness",1,7
"349",1021,"sadness",1,7
"350",1023,"fear",1,7
"351",1023,"surprise",1,7
"352",1036,"sadness",1,7
"353",1047,"sadness",1,7
"354",1050,"trust",2,7
"355",1057,"anticipation",1,7
"356",1064,"disgust",1,7
"357",1068,"anticipation",1,7
"358",1068,"disgust",1,7
"359",1068,"fear",1,7
"360",1073,"sadness",1,7
"361",1073,"surprise",1,7
"362",1078,"anticipation",1,7
"363",1078,"fear",1,7
"364",1095,"anger",1,7
"365",1105,"anger",1,7
"366",1109,"anger",1,7
"367",1109,"anticipation",2,7
"368",1109,"joy",2,7
"369",1109,"surprise",2,7
"370",1109,"trust",1,7
"371",1111,"anger",1,7
"372",1111,"disgust",1,7
"373",1139,"anger",1,7
"374",1145,"anticipation",1,7
"375",1153,"anticipation",1,7
"376",1160,"trust",1,8
"377",1162,"surprise",1,8
"378",1163,"sadness",1,8
"379",1167,"anticipation",1,8
"380",1167,"joy",1,8
"381",1167,"trust",1,8
"382",1171,"anger",1,8
"383",1171,"disgust",1,8
"384",1171,"fear",1,8
"385",1171,"sadness",1,8
"386",1175,"anticipation",1,8
"387",1175,"joy",1,8
"388",1175,"trust",1,8
"389",1190,"disgust",1,8
"390",1190,"fear",1,8
"391",1193,"disgust",1,8
"392",1193,"fear",1,8
"393",1207,"sadness",1,8
"394",1209,"fear",1,8
"395",1215,"anticipation",1,8
"396",1221,"anticipation",1,8
"397",1235,"disgust",1,8
"398",1237,"anger",1,8
"399",1237,"disgust",1,8
"400",1239,"surprise",1,8
"401",1243,"trust",1,8
"402",1253,"joy",1,8
"403",1253,"trust",1,8
"404",1254,"fear",1,8
"405",1254,"sadness",1,8
"406",1254,"surprise",1,8
"407",1265,"surprise",1,8
"408",1278,"anticipation",1,8
"409",1282,"anticipation",1,8
"410",1293,"anger",1,8
"411",1293,"surprise",1,8
"412",1295,"anger",1,8
"413",1295,"fear",1,8
"414",1295,"sadness",1,8
"415",1296,"disgust",1,8
"416",1297,"disgust",2,8
"417",1305,"anger",1,8
"418",1305,"disgust",1,8
"419",1305,"fear",1,8
"420",1305,"sadness",1,8
"421",1307,"disgust",1,8
"422",1326,"anger",1,9
"423",1326,"anticipation",1,9
"424",1326,"joy",1,9
"425",1326,"surprise",1,9
"426",1326,"trust",1,9
"427",1328,"anger",1,9
"428",1328,"fear",1,9
"429",1334,"anger",1,9
"430",1334,"sadness",1,9
"431",1335,"anger",1,9
"432",1335,"sadness",1,9
"433",1337,"anger",1,9
"434",1337,"sadness",1,9
"435",1345,"anticipation",1,9
"436",1346,"joy",1,9
"437",1347,"anger",1,9
"438",1347,"anticipation",1,9
"439",1347,"fear",1,9
"440",1347,"surprise",1,9
"441",1354,"fear",1,9
"442",1354,"surprise",1,9
"443",1355,"anger",1,9
"444",1355,"fear",1,9
"445",1357,"anticipation",1,9
"446",1357,"joy",1,9
"447",1357,"surprise",1,9
"448",1357,"trust",1,9
"449",1361,"sadness",1,9
"450",1372,"anger",1,9
"451",1372,"sadness",1,9
"452",1383,"anger",1,9
"453",1383,"fear",1,9
"454",1383,"surprise",1,9
"455",1384,"anger",1,9
"456",1384,"sadness",1,9
"457",1384,"trust",1,9
"458",1386,"anticipation",1,9
"459",1386,"joy",1,9
"460",1386,"trust",1,9
"461",1387,"anticipation",1,9
"462",1401,"anticipation",1,9
"463",1402,"sadness",1,9
"464",1427,"sadness",1,9
"465",1431,"trust",1,9
"466",1438,"disgust",1,9
"467",1440,"trust",1,9
"468",1449,"trust",1,9
"469",1450,"trust",1,9
"470",1451,"anger",2,9
"471",1451,"fear",2,9
"472",1452,"anticipation",1,9
"473",1452,"fear",1,9
"474",1454,"anticipation",1,9
"475",1455,"anger",1,9
"476",1455,"fear",1,9
"477",1458,"anger",2,9
"478",1458,"fear",1,9
"479",1458,"sadness",1,9
"480",1458,"trust",1,9
"481",1468,"anger",1,9
"482",1468,"disgust",1,9
"483",1468,"fear",1,9
"484",1468,"sadness",1,9
"485",1468,"surprise",1,9
"486",1469,"anger",1,9
"487",1469,"disgust",1,9
"488",1469,"fear",1,9
"489",1469,"sadness",1,9
"490",1469,"surprise",1,9
"491",1473,"anger",1,9
"492",1473,"disgust",1,9
"493",1476,"anger",1,9
"494",1476,"fear",1,9
"495",1476,"trust",1,9
"496",1487,"surprise",1,10
"497",1493,"anger",1,10
"498",1493,"disgust",1,10
"499",1493,"fear",1,10
"500",1493,"sadness",1,10
"501",1494,"trust",1,10
"502",1495,"anger",2,10
"503",1495,"fear",1,10
"504",1495,"sadness",1,10
"505",1496,"trust",1,10
"506",1497,"anger",1,10
"507",1497,"sadness",1,10
"508",1498,"trust",1,10
"509",1502,"anticipation",1,10
"510",1505,"anticipation",1,10
"511",1508,"anticipation",1,10
"512",1517,"anticipation",1,10
"513",1522,"trust",1,10
"514",1523,"sadness",1,10
"515",1526,"anticipation",1,10
"516",1530,"trust",1,10
"517",1531,"sadness",1,10
"518",1532,"anticipation",1,10
"519",1532,"trust",1,10
"520",1533,"anticipation",1,10
"521",1533,"joy",1,10
"522",1533,"surprise",1,10
"523",1533,"trust",1,10
"524",1537,"trust",1,10
"525",1543,"anger",1,10
"526",1543,"anticipation",1,10
"527",1543,"disgust",1,10
"528",1543,"fear",1,10
"529",1543,"joy",1,10
"530",1543,"sadness",1,10
"531",1543,"surprise",1,10
"532",1543,"trust",1,10
"533",1544,"anger",1,10
"534",1544,"sadness",1,10
"535",1563,"anger",1,10
"536",1563,"disgust",1,10
"537",1563,"fear",1,10
"538",1563,"sadness",1,10
"539",1566,"anger",1,10
"540",1566,"sadness",1,10
"541",1566,"trust",1,10
"542",1567,"anger",1,10
"543",1567,"sadness",1,10
"544",1569,"trust",1,10
"545",1570,"disgust",1,10
"546",1571,"anger",1,10
"547",1571,"sadness",1,10
"548",1573,"trust",1,10
"549",1578,"anticipation",1,10
"550",1581,"trust",1,10
"551",1584,"anger",1,10
"552",1584,"fear",1,10
"553",1584,"sadness",1,10
"554",1584,"surprise",1,10
"555",1584,"trust",1,10
"556",1585,"anger",1,10
"557",1585,"fear",1,10
"558",1586,"sadness",1,10
"559",1586,"trust",1,10
"560",1587,"trust",1,10
"561",1588,"anger",1,10
"562",1588,"fear",2,10
"563",1588,"sadness",1,10
"564",1589,"anger",1,10
"565",1589,"sadness",1,10
"566",1591,"anger",1,10
"567",1591,"fear",1,10
"568",1594,"anger",1,10
"569",1594,"sadness",1,10
"570",1595,"anger",2,10
"571",1595,"fear",1,10
"572",1595,"sadness",1,10
"573",1597,"anger",1,10
"574",1597,"fear",1,10
"575",1598,"anger",1,10
"576",1598,"sadness",1,10
"577",1599,"anger",1,10
"578",1599,"sadness",1,10
"579",1609,"anger",1,10
"580",1609,"sadness",1,10
"581",1621,"anticipation",1,10
"582",1624,"fear",1,10
"583",1624,"trust",1,10
"584",1627,"fear",2,10
"585",1627,"trust",1,10
"586",1628,"fear",1,10
"587",1628,"trust",3,10
"588",1630,"sadness",1,10
"589",1631,"anger",1,10
"590",1639,"anticipation",1,10
"591",1641,"anticipation",1,10
"592",1643,"fear",1,10
"593",1643,"trust",1,10
"594",1652,"anger",1,11
"595",1652,"surprise",1,11
"596",1653,"anticipation",1,11
"597",1657,"trust",1,11
"598",1661,"sadness",1,11
"599",1662,"fear",1,11
"600",1662,"trust",1,11
"601",1663,"sadness",1,11
"602",1672,"sadness",1,11
"603",1675,"anger",1,11
"604",1675,"surprise",1,11
"605",1678,"disgust",1,11
"606",1678,"fear",1,11
"607",1680,"fear",1,11
"608",1680,"trust",2,11
"609",1685,"anger",1,11
"610",1685,"fear",1,11
"611",1685,"sadness",1,11
"612",1685,"surprise",1,11
"613",1687,"anger",1,11
"614",1687,"disgust",1,11
"615",1687,"fear",1,11
"616",1687,"sadness",1,11
"617",1688,"fear",1,11
"618",1688,"sadness",1,11
"619",1688,"trust",1,11
"620",1691,"surprise",1,11
"621",1693,"fear",1,11
"622",1693,"trust",1,11
"623",1694,"surprise",1,11
"624",1710,"disgust",1,11
"625",1711,"fear",1,11
"626",1711,"trust",1,11
"627",1712,"sadness",1,11
"628",1717,"sadness",1,11
"629",1718,"disgust",2,11
"630",1719,"fear",1,11
"631",1719,"trust",1,11
"632",1721,"anticipation",1,11
"633",1721,"joy",1,11
"634",1721,"trust",1,11
"635",1724,"joy",1,11
"636",1724,"trust",1,11
"637",1726,"fear",1,11
"638",1726,"trust",1,11
"639",1729,"trust",1,11
"640",1730,"trust",1,11
"641",1732,"fear",1,11
"642",1736,"trust",1,11
"643",1737,"trust",1,11
"644",1747,"anticipation",1,11
"645",1749,"sadness",1,11
"646",1750,"joy",1,11
"647",1750,"surprise",1,11
"648",1750,"trust",2,11
"649",1752,"trust",1,11
"650",1753,"trust",1,11
"651",1754,"trust",1,11
"652",1755,"trust",1,11
"653",1759,"surprise",1,11
"654",1760,"trust",2,11
"655",1762,"trust",1,11
"656",1765,"anger",1,11
"657",1765,"fear",1,11
"658",1765,"sadness",1,11
"659",1765,"surprise",1,11
"660",1770,"trust",1,11
"661",1772,"surprise",1,11
"662",1777,"trust",1,11
"663",1779,"anger",1,11
"664",1779,"fear",1,11
"665",1779,"sadness",1,11
"666",1780,"joy",1,11
"667",1780,"trust",1,11
"668",1782,"surprise",1,11
"669",1788,"trust",1,11
"670",1805,"trust",1,11
"671",1806,"anger",1,11
"672",1806,"fear",1,11
"673",1806,"sadness",1,11
"674",1806,"surprise",1,11
"675",1812,"trust",1,11
"676",1822,"trust",1,12
"677",1827,"trust",1,12
"678",1828,"trust",1,12
"679",1831,"trust",1,12
"680",1835,"trust",1,12
"681",1836,"sadness",1,12
"682",1852,"sadness",1,12
"683",1867,"anger",1,12
"684",1867,"fear",1,12
"685",1867,"sadness",1,12
"686",1872,"disgust",1,12
"687",1878,"trust",1,12
"688",1881,"trust",1,12
"689",1896,"fear",1,12
"690",1896,"sadness",1,12
"691",1896,"surprise",1,12
"692",1905,"fear",1,12
"693",1905,"trust",1,12
"694",1913,"anticipation",1,12
"695",1922,"anticipation",1,12
"696",1922,"fear",1,12
"697",1922,"joy",1,12
"698",1922,"trust",1,12
"699",1934,"trust",1,12
"700",1937,"anger",1,12
"701",1937,"disgust",1,12
"702",1937,"fear",1,12
"703",1937,"sadness",1,12
"704",1938,"fear",1,12
"705",1938,"trust",1,12
"706",1940,"trust",1,12
"707",1942,"trust",1,12
"708",1945,"trust",1,12
"709",1951,"anger",1,12
"710",1953,"trust",1,12
"711",1954,"anger",1,12
"712",1954,"fear",2,12
"713",1954,"trust",1,12
"714",1956,"sadness",1,12
"715",1958,"anticipation",1,12
"716",1960,"fear",1,12
"717",1960,"trust",1,12
"718",1964,"anger",1,12
"719",1969,"fear",1,12
"720",1969,"trust",2,12
"721",1971,"anger",1,12
"722",1971,"disgust",1,12
"723",1972,"anger",1,12
"724",1972,"disgust",1,12
"725",1972,"fear",1,12
"726",1972,"sadness",1,12
"727",1972,"surprise",1,12
"728",1987,"sadness",1,13
"729",1989,"anger",1,13
"730",1989,"disgust",1,13
"731",1989,"fear",1,13
"732",1989,"sadness",1,13
"733",1999,"anger",1,13
"734",1999,"disgust",1,13
"735",2000,"fear",1,13
"736",2000,"surprise",1,13
"737",2003,"fear",2,13
"738",2003,"surprise",1,13
"739",2006,"anger",1,13
"740",2016,"surprise",1,13
"741",2020,"anger",1,13
"742",2020,"disgust",1,13
"743",2034,"surprise",1,13
"744",2036,"anticipation",1,13
"745",2036,"fear",1,13
"746",2036,"joy",1,13
"747",2036,"trust",1,13
"748",2047,"fear",1,13
"749",2048,"disgust",1,13
"750",2050,"anger",1,13
"751",2050,"disgust",1,13
"752",2054,"fear",1,13
"753",2054,"surprise",1,13
"754",2076,"anger",1,13
"755",2081,"sadness",1,13
"756",2087,"anticipation",1,13
"757",2087,"joy",1,13
"758",2087,"trust",1,13
"759",2091,"sadness",1,13
"760",2095,"anticipation",1,13
"761",2128,"joy",1,13
"762",2128,"trust",1,13
"763",2141,"anticipation",1,13
"764",2141,"fear",1,13
"765",2141,"joy",1,13
"766",2141,"trust",1,13
"767",2147,"joy",1,14
"768",2147,"surprise",1,14
"769",2147,"trust",1,14
"770",2152,"joy",1,14
"771",2152,"trust",1,14
"772",2166,"anticipation",1,14
"773",2166,"disgust",1,14
"774",2166,"joy",2,14
"775",2166,"sadness",1,14
"776",2166,"surprise",2,14
"777",2166,"trust",2,14
"778",2196,"joy",1,14
"779",2209,"sadness",1,14
"780",2219,"anger",1,14
"781",2219,"fear",1,14
"782",2219,"trust",1,14
"783",2228,"anticipation",1,14
"784",2228,"disgust",1,14
"785",2228,"fear",1,14
"786",2228,"joy",1,14
"787",2228,"sadness",1,14
"788",2228,"surprise",1,14
"789",2228,"trust",1,14
"790",2233,"anticipation",1,14
"791",2236,"anticipation",1,14
"792",2251,"anger",1,14
"793",2251,"fear",1,14
"794",2251,"sadness",1,14
"795",2251,"surprise",1,14
"796",2287,"surprise",1,14
"797",2291,"joy",1,14
"798",2291,"trust",1,14
"799",2295,"sadness",1,14
"800",2298,"anticipation",1,14
"801",2298,"fear",1,14
"802",2299,"disgust",1,14
"803",2299,"surprise",1,14
"804",2299,"trust",1,14
"805",2315,"surprise",1,15
"806",2337,"anger",1,15
"807",2337,"anticipation",1,15
"808",2337,"disgust",1,15
"809",2337,"fear",1,15
"810",2337,"joy",1,15
"811",2337,"sadness",1,15
"812",2337,"surprise",1,15
"813",2337,"trust",1,15
"814",2363,"fear",1,15
"815",2363,"sadness",1,15
"816",2363,"surprise",1,15
"817",2364,"anticipation",1,15
"818",2364,"joy",1,15
"819",2364,"surprise",1,15
"820",2375,"anger",1,15
"821",2375,"fear",1,15
"822",2384,"anticipation",1,15
"823",2391,"anticipation",1,15
"824",2391,"fear",1,15
"825",2391,"surprise",1,15
"826",2391,"trust",1,15
"827",2411,"anticipation",1,15
"828",2411,"joy",1,15
"829",2411,"surprise",1,15
"830",2411,"trust",1,15
"831",2413,"anger",1,15
"832",2413,"disgust",1,15
"833",2413,"sadness",1,15
"834",2418,"anger",1,15
"835",2418,"fear",1,15
"836",2419,"trust",1,15
"837",2431,"surprise",1,15
"838",2435,"trust",1,15
"839",2438,"anticipation",1,15
"840",2438,"trust",1,15
"841",2439,"anger",1,15
"842",2439,"fear",1,15
"843",2439,"surprise",1,15
"844",2461,"anticipation",1,15
"845",2461,"joy",1,15
"846",2461,"surprise",1,15
"847",2461,"trust",1,15
"848",2467,"anticipation",1,15
"849",2467,"joy",1,15
"850",2467,"surprise",1,15
"851",2478,"anger",1,16
"852",2478,"fear",1,16
"853",2478,"sadness",1,16
"854",2478,"surprise",1,16
"855",2483,"anger",1,16
"856",2483,"disgust",1,16
"857",2483,"fear",1,16
"858",2483,"sadness",1,16
"859",2483,"trust",1,16
"860",2492,"anticipation",1,16
"861",2508,"anger",2,16
"862",2508,"fear",1,16
"863",2509,"trust",1,16
"864",2511,"anger",1,16
"865",2511,"fear",1,16
"866",2514,"fear",1,16
"867",2514,"surprise",1,16
"868",2515,"fear",1,16
"869",2515,"sadness",1,16
"870",2517,"anger",1,16
"871",2517,"fear",1,16
"872",2518,"anger",1,16
"873",2518,"fear",1,16
"874",2524,"disgust",1,16
"875",2553,"trust",1,16
"876",2556,"sadness",1,16
"877",2564,"anger",1,16
"878",2564,"disgust",1,16
"879",2564,"fear",1,16
"880",2564,"sadness",1,16
"881",2565,"joy",1,16
"882",2565,"trust",1,16
"883",2568,"joy",1,16
"884",2568,"trust",1,16
"885",2580,"anticipation",1,16
"886",2580,"joy",1,16
"887",2580,"surprise",1,16
"888",2580,"trust",1,16
"889",2582,"anger",1,16
"890",2582,"disgust",1,16
"891",2591,"anger",1,16
"892",2591,"fear",2,16
"893",2591,"sadness",2,16
"894",2592,"trust",1,16
"895",2598,"anger",1,16
"896",2598,"fear",1,16
"897",2600,"fear",1,16
"898",2600,"surprise",1,16
"899",2603,"anger",1,16
"900",2603,"fear",1,16
"901",2613,"joy",1,16
"902",2613,"trust",1,16
"903",2618,"anger",1,16
"904",2618,"fear",1,16
"905",2624,"anger",1,16
"906",2624,"fear",1,16
"907",2630,"anger",1,16
"908",2630,"disgust",1,16
"909",2630,"fear",1,16
"910",2630,"sadness",1,16
"911",2637,"sadness",1,16
"912",2637,"surprise",1,16
"913",2639,"anticipation",1,16
"914",2641,"anticipation",1,17
"915",2642,"surprise",1,17
"916",2646,"anger",1,17
"917",2646,"fear",1,17
"918",2661,"anger",1,17
"919",2661,"disgust",1,17
"920",2661,"fear",1,17
"921",2661,"sadness",1,17
"922",2672,"anger",1,17
"923",2672,"fear",1,17
"924",2672,"sadness",1,17
"925",2683,"sadness",1,17
"926",2685,"anger",1,17
"927",2688,"anticipation",1,17
"928",2688,"fear",1,17
"929",2691,"anticipation",1,17
"930",2701,"anticipation",1,17
"931",2701,"joy",1,17
"932",2701,"trust",1,17
"933",2713,"anger",1,17
"934",2713,"disgust",1,17
"935",2713,"fear",1,17
"936",2713,"sadness",1,17
"937",2714,"anger",1,17
"938",2714,"disgust",1,17
"939",2714,"fear",1,17
"940",2714,"joy",1,17
"941",2714,"sadness",1,17
"942",2714,"trust",1,17
"943",2723,"joy",1,17
"944",2736,"surprise",1,17
"945",2739,"surprise",1,17
"946",2741,"anger",1,17
"947",2741,"fear",1,17
"948",2741,"sadness",1,17
"949",2745,"fear",1,17
"950",2745,"surprise",1,17
"951",2745,"trust",1,17
"952",2748,"anger",1,17
"953",2748,"disgust",1,17
"954",2752,"trust",1,17
"955",2754,"surprise",1,17
"956",2755,"trust",1,17
"957",2758,"anger",1,17
"958",2758,"disgust",1,17
"959",2761,"anticipation",1,17
"960",2767,"trust",1,17
"961",2778,"anger",1,17
"962",2778,"disgust",1,17
"963",2778,"fear",1,17
"964",2778,"sadness",1,17
"965",2781,"anger",1,17
"966",2781,"fear",1,17
"967",2781,"sadness",1,17
"968",2785,"disgust",1,17
"969",2786,"anticipation",1,17
"970",2786,"joy",1,17
"971",2786,"surprise",1,17
"972",2786,"trust",1,17
"973",2790,"anticipation",1,17
"974",2790,"joy",1,17
"975",2790,"surprise",1,17
"976",2790,"trust",1,17
"977",2793,"fear",1,17
"978",2793,"trust",1,17
"979",2799,"joy",1,17
"980",2805,"anger",1,18
"981",2805,"anticipation",1,18
"982",2805,"trust",1,18
"983",2806,"disgust",1,18
"984",2807,"anticipation",1,18
"985",2807,"joy",1,18
"986",2807,"surprise",1,18
"987",2807,"trust",1,18
"988",2809,"fear",1,18
"989",2809,"sadness",1,18
"990",2811,"fear",1,18
"991",2811,"trust",1,18
"992",2815,"fear",1,18
"993",2815,"trust",1,18
"994",2827,"surprise",1,18
"995",2831,"anticipation",1,18
"996",2831,"joy",1,18
"997",2831,"surprise",1,18
"998",2831,"trust",1,18
"999",2835,"sadness",1,18
"1000",2836,"fear",1,18
"1001",2836,"surprise",1,18
"1002",2838,"anticipation",1,18
"1003",2838,"disgust",1,18
"1004",2838,"joy",1,18
"1005",2838,"surprise",1,18
"1006",2838,"trust",1,18
"1007",2842,"anger",1,18
"1008",2848,"anger",1,18
"1009",2848,"disgust",1,18
"1010",2848,"fear",1,18
"1011",2848,"sadness",1,18
"1012",2856,"fear",1,18
"1013",2872,"anticipation",1,18
"1014",2874,"surprise",1,18
"1015",2877,"anticipation",1,18
"1016",2877,"joy",1,18
"1017",2877,"trust",1,18
"1018",2896,"trust",1,18
"1019",2899,"fear",1,18
"1020",2928,"anticipation",1,18
"1021",2928,"joy",1,18
"1022",2928,"surprise",1,18
"1023",2928,"trust",1,18
"1024",2931,"fear",1,18
"1025",2931,"trust",1,18
"1026",2936,"anger",1,18
"1027",2936,"fear",1,18
"1028",2937,"joy",1,18
"1029",2940,"disgust",1,18
"1030",2940,"fear",1,18
"1031",2940,"trust",1,18
"1032",2941,"disgust",1,18
"1033",2941,"trust",1,18
"1034",2943,"fear",1,18
"1035",2943,"trust",1,18
"1036",2945,"trust",1,18
"1037",2950,"trust",1,18
"1038",2952,"anger",1,18
"1039",2952,"disgust",1,18
"1040",2963,"anger",1,18
"1041",2963,"fear",1,18
"1042",2963,"sadness",2,18
"1043",2966,"anger",1,18
"1044",2966,"fear",1,18
"1045",2966,"sadness",1,18
"1046",2966,"surprise",1,18
"1047",2974,"anticipation",1,19
"1048",2974,"joy",1,19
"1049",2974,"surprise",1,19
"1050",2974,"trust",1,19
"1051",2975,"trust",1,19
"1052",2990,"anger",1,19
"1053",2990,"disgust",1,19
"1054",2990,"fear",1,19
"1055",2990,"trust",1,19
"1056",2992,"trust",1,19
"1057",2995,"trust",1,19
"1058",2999,"anticipation",1,19
"1059",3000,"sadness",1,19
"1060",3010,"sadness",1,19
"1061",3014,"anger",1,19
"1062",3014,"trust",1,19
"1063",3017,"joy",1,19
"1064",3017,"surprise",1,19
"1065",3017,"trust",1,19
"1066",3019,"anger",1,19
"1067",3019,"disgust",1,19
"1068",3019,"fear",1,19
"1069",3019,"sadness",1,19
"1070",3022,"anticipation",1,19
"1071",3022,"sadness",1,19
"1072",3031,"sadness",1,19
"1073",3032,"fear",1,19
"1074",3032,"surprise",1,19
"1075",3033,"anticipation",1,19
"1076",3033,"joy",1,19
"1077",3033,"trust",1,19
"1078",3039,"sadness",1,19
"1079",3045,"fear",1,19
"1080",3045,"sadness",1,19
"1081",3048,"disgust",1,19
"1082",3048,"fear",1,19
"1083",3052,"anger",2,19
"1084",3052,"disgust",1,19
"1085",3052,"fear",2,19
"1086",3064,"disgust",1,19
"1087",3064,"sadness",1,19
"1088",3066,"fear",1,19
"1089",3070,"sadness",1,19
"1090",3072,"anger",1,19
"1091",3072,"fear",1,19
"1092",3072,"sadness",1,19
"1093",3074,"anticipation",1,19
"1094",3074,"joy",1,19
"1095",3074,"trust",1,19
"1096",3076,"joy",1,19
"1097",3076,"trust",1,19
"1098",3083,"anger",1,19
"1099",3083,"anticipation",1,19
"1100",3083,"joy",2,19
"1101",3083,"surprise",1,19
"1102",3083,"trust",1,19
"1103",3087,"fear",1,19
"1104",3090,"sadness",1,19
"1105",3091,"disgust",1,19
"1106",3094,"anger",1,19
"1107",3094,"fear",1,19
"1108",3094,"sadness",1,19
"1109",3094,"surprise",1,19
"1110",3099,"trust",1,19
"1111",3108,"surprise",1,19
"1112",3111,"joy",1,19
"1113",3111,"trust",1,19
"1114",3112,"surprise",1,19
"1115",3113,"anticipation",1,19
"1116",3113,"joy",1,19
"1117",3113,"surprise",1,19
"1118",3113,"trust",1,19
"1119",3124,"trust",1,19
"1120",3125,"trust",1,19
"1121",3132,"anger",1,19
"1122",3132,"sadness",1,19
"1123",3132,"trust",1,19
"1124",3137,"trust",1,20
"1125",3138,"anger",1,20
"1126",3138,"anticipation",1,20
"1127",3138,"sadness",1,20
"1128",3138,"trust",1,20
"1129",3140,"anticipation",1,20
"1130",3140,"fear",1,20
"1131",3141,"anticipation",1,20
"1132",3142,"anticipation",1,20
"1133",3143,"joy",1,20
"1134",3143,"trust",1,20
"1135",3150,"anticipation",1,20
"1136",3153,"anticipation",1,20
"1137",3154,"joy",1,20
"1138",3155,"joy",1,20
"1139",3156,"anticipation",1,20
"1140",3156,"fear",1,20
"1141",3156,"trust",1,20
"1142",3159,"anticipation",1,20
"1143",3163,"surprise",1,20
"1144",3168,"anticipation",1,20
"1145",3186,"fear",1,20
"1146",3196,"anger",1,20
"1147",3198,"fear",1,20
"1148",3198,"joy",1,20
"1149",3198,"surprise",1,20
"1150",3202,"surprise",1,20
"1151",3206,"sadness",1,20
"1152",3210,"joy",1,20
"1153",3210,"trust",1,20
"1154",3214,"surprise",1,20
"1155",3219,"anger",1,20
"1156",3219,"fear",1,20
"1157",3219,"sadness",1,20
"1158",3234,"trust",1,20
"1159",3242,"anger",1,20
"1160",3242,"disgust",1,20
"1161",3243,"anticipation",1,20
"1162",3243,"fear",1,20
"1163",3243,"joy",1,20
"1164",3243,"surprise",1,20
"1165",3243,"trust",1,20
"1166",3244,"surprise",1,20
"1167",3245,"disgust",1,20
"1168",3245,"fear",1,20
"1169",3245,"sadness",1,20
"1170",3246,"trust",1,20
"1171",3248,"anger",1,20
"1172",3248,"disgust",1,20
"1173",3248,"fear",1,20
"1174",3248,"sadness",1,20
"1175",3252,"anger",1,20
"1176",3252,"sadness",2,20
"1177",3252,"trust",1,20
"1178",3253,"sadness",1,20
"1179",3258,"anger",1,20
"1180",3259,"anger",1,20
"1181",3259,"disgust",1,20
"1182",3259,"fear",1,20
"1183",3259,"sadness",1,20
"1184",3260,"anger",1,20
"1185",3268,"anticipation",1,20
"1186",3268,"sadness",1,20
"1187",3273,"anticipation",1,20
"1188",3273,"fear",1,20
"1189",3273,"trust",1,20
"1190",3278,"anger",2,20
"1191",3278,"fear",2,20
"1192",3278,"surprise",2,20
"1193",3279,"anger",1,20
"1194",3279,"fear",1,20
"1195",3279,"surprise",1,20
"1196",3288,"fear",1,20
"1197",3289,"sadness",1,20
"1198",3290,"anger",1,20
"1199",3290,"fear",1,20
"1200",3290,"surprise",1,20
"1201",3295,"anger",1,20
"1202",3295,"fear",1,20
"1203",3296,"sadness",1,20
"1204",3298,"fear",1,20
"1205",3298,"trust",1,20
"1206",3307,"joy",1,21
"1207",3307,"surprise",1,21
"1208",3319,"trust",1,21
"1209",3324,"joy",1,21
"1210",3324,"trust",1,21
"1211",3350,"anger",1,21
"1212",3350,"disgust",1,21
"1213",3350,"fear",1,21
"1214",3350,"sadness",1,21
"1215",3356,"anger",1,21
"1216",3356,"anticipation",1,21
"1217",3356,"joy",1,21
"1218",3356,"surprise",1,21
"1219",3356,"trust",1,21
"1220",3357,"joy",1,21
"1221",3357,"trust",1,21
"1222",3363,"anticipation",1,21
"1223",3384,"anger",1,21
"1224",3385,"sadness",1,21
"1225",3394,"anger",1,21
"1226",3394,"fear",1,21
"1227",3394,"sadness",1,21
"1228",3394,"surprise",2,21
"1229",3395,"fear",1,21
"1230",3395,"sadness",1,21
"1231",3395,"trust",1,21
"1232",3407,"anger",1,21
"1233",3409,"anger",1,21
"1234",3409,"anticipation",1,21
"1235",3409,"fear",1,21
"1236",3409,"joy",1,21
"1237",3409,"trust",1,21
"1238",3412,"sadness",1,21
"1239",3416,"anger",2,21
"1240",3416,"fear",1,21
"1241",3416,"sadness",1,21
"1242",3417,"trust",1,21
"1243",3425,"trust",1,21
"1244",3427,"anger",1,21
"1245",3427,"fear",1,21
"1246",3427,"sadness",1,21
"1247",3432,"trust",1,21
"1248",3435,"trust",1,21
"1249",3437,"trust",1,21
"1250",3438,"anger",1,21
"1251",3438,"disgust",1,21
"1252",3438,"fear",2,21
"1253",3438,"sadness",1,21
"1254",3438,"trust",1,21
"1255",3439,"trust",1,21
"1256",3448,"trust",1,21
"1257",3452,"sadness",1,21
"1258",3454,"anger",1,21
"1259",3456,"anger",2,21
"1260",3456,"disgust",1,21
"1261",3456,"fear",2,21
"1262",3456,"sadness",2,21
"1263",3456,"surprise",1,21
"1264",3457,"anger",1,21
"1265",3457,"fear",1,21
"1266",3457,"trust",1,21
"1267",3458,"anger",1,21
"1268",3458,"sadness",1,21
"1269",3461,"trust",1,21
"1270",3468,"anger",1,22
"1271",3468,"sadness",1,22
"1272",3468,"trust",1,22
"1273",3481,"sadness",1,22
"1274",3481,"surprise",1,22
"1275",3483,"anger",2,22
"1276",3483,"fear",1,22
"1277",3485,"fear",1,22
"1278",3486,"anger",1,22
"1279",3486,"disgust",2,22
"1280",3486,"fear",1,22
"1281",3486,"sadness",1,22
"1282",3488,"sadness",1,22
"1283",3489,"anger",1,22
"1284",3489,"fear",1,22
"1285",3489,"surprise",1,22
"1286",3490,"sadness",1,22
"1287",3494,"anger",1,22
"1288",3494,"disgust",1,22
"1289",3495,"sadness",1,22
"1290",3497,"sadness",1,22
"1291",3503,"fear",1,22
"1292",3503,"surprise",1,22
"1293",3507,"sadness",1,22
"1294",3508,"sadness",1,22
"1295",3514,"sadness",1,22
"1296",3518,"anger",1,22
"1297",3518,"disgust",1,22
"1298",3519,"fear",1,22
"1299",3519,"surprise",1,22
"1300",3519,"trust",1,22
"1301",3520,"anticipation",1,22
"1302",3522,"anger",1,22
"1303",3522,"disgust",1,22
"1304",3524,"sadness",1,22
"1305",3525,"sadness",1,22
"1306",3528,"sadness",1,22
"1307",3531,"anger",1,22
"1308",3531,"fear",1,22
"1309",3533,"anger",1,22
"1310",3533,"fear",1,22
"1311",3535,"anger",1,22
"1312",3535,"fear",1,22
"1313",3535,"trust",1,22
"1314",3542,"anger",1,22
"1315",3542,"disgust",1,22
"1316",3542,"fear",1,22
"1317",3542,"sadness",2,22
"1318",3543,"anger",1,22
"1319",3543,"disgust",1,22
"1320",3543,"fear",1,22
"1321",3544,"anticipation",1,22
"1322",3545,"sadness",1,22
"1323",3547,"sadness",1,22
"1324",3554,"sadness",1,22
"1325",3565,"sadness",1,22
"1326",3569,"sadness",1,22
"1327",3574,"trust",1,22
"1328",3576,"trust",1,22
"1329",3578,"fear",1,22
"1330",3578,"surprise",1,22
"1331",3579,"anger",1,22
"1332",3580,"anger",1,22
"1333",3580,"anticipation",1,22
"1334",3582,"sadness",1,22
"1335",3592,"joy",1,22
"1336",3593,"trust",1,22
"1337",3594,"anticipation",1,22
"1338",3622,"sadness",1,22
"1339",3626,"anticipation",1,22
"1340",3626,"fear",1,22
"1341",3626,"joy",1,22
"1342",3626,"trust",1,22
"1343",3628,"sadness",1,22
"1344",3631,"sadness",1,23
"1345",3635,"surprise",1,23
"1346",3651,"sadness",1,23
"1347",3661,"anticipation",1,23
"1348",3666,"sadness",1,23
"1349",3668,"anticipation",1,23
"1350",3668,"trust",1,23
"1351",3669,"sadness",1,23
"1352",3673,"trust",1,23
"1353",3678,"anger",1,23
"1354",3678,"fear",1,23
"1355",3679,"anger",1,23
"1356",3681,"sadness",1,23
"1357",3683,"anger",1,23
"1358",3683,"anticipation",1,23
"1359",3683,"disgust",1,23
"1360",3683,"joy",1,23
"1361",3683,"surprise",1,23
"1362",3683,"trust",1,23
"1363",3692,"sadness",1,23
"1364",3696,"trust",1,23
"1365",3699,"anticipation",1,23
"1366",3699,"fear",1,23
"1367",3699,"joy",1,23
"1368",3699,"trust",1,23
"1369",3708,"trust",1,23
"1370",3709,"anger",1,23
"1371",3714,"trust",1,23
"1372",3716,"trust",1,23
"1373",3717,"sadness",1,23
"1374",3719,"sadness",1,23
"1375",3719,"trust",1,23
"1376",3721,"sadness",1,23
"1377",3722,"fear",1,23
"1378",3723,"fear",1,23
"1379",3724,"anticipation",1,23
"1380",3724,"joy",1,23
"1381",3728,"sadness",1,23
"1382",3735,"sadness",1,23
"1383",3736,"anger",1,23
"1384",3736,"disgust",1,23
"1385",3736,"fear",1,23
"1386",3736,"sadness",1,23
"1387",3753,"trust",1,23
"1388",3775,"anticipation",1,23
"1389",3775,"joy",1,23
"1390",3775,"trust",1,23
"1391",3777,"fear",1,23
"1392",3777,"surprise",1,23
"1393",3781,"sadness",1,23
"1394",3782,"fear",1,23
"1395",3785,"anticipation",1,23
"1396",3785,"joy",1,23
"1397",3799,"sadness",1,24
"1398",3803,"anger",1,24
"1399",3805,"anticipation",1,24
"1400",3805,"joy",1,24
"1401",3807,"sadness",1,24
"1402",3808,"sadness",1,24
"1403",3809,"surprise",1,24
"1404",3814,"surprise",1,24
"1405",3816,"sadness",1,24
"1406",3819,"anticipation",1,24
"1407",3819,"fear",1,24
"1408",3819,"trust",1,24
"1409",3823,"sadness",1,24
"1410",3831,"anger",1,24
"1411",3831,"fear",1,24
"1412",3831,"sadness",1,24
"1413",3832,"sadness",1,24
"1414",3842,"anger",1,24
"1415",3842,"fear",1,24
"1416",3851,"sadness",1,24
"1417",3852,"anger",1,24
"1418",3852,"fear",1,24
"1419",3852,"trust",1,24
"1420",3853,"trust",1,24
"1421",3855,"anger",1,24
"1422",3855,"fear",1,24
"1423",3855,"sadness",2,24
"1424",3855,"trust",1,24
"1425",3856,"anger",1,24
"1426",3856,"sadness",1,24
"1427",3857,"sadness",1,24
"1428",3858,"anticipation",1,24
"1429",3858,"joy",1,24
"1430",3858,"surprise",1,24
"1431",3858,"trust",1,24
"1432",3865,"anger",1,24
"1433",3865,"disgust",1,24
"1434",3865,"fear",1,24
"1435",3865,"sadness",1,24
"1436",3870,"anger",1,24
"1437",3870,"fear",1,24
"1438",3870,"surprise",1,24
"1439",3874,"surprise",1,24
"1440",3891,"anger",1,24
"1441",3891,"fear",1,24
"1442",3896,"anger",1,24
"1443",3896,"fear",1,24
"1444",3900,"anger",1,24
"1445",3900,"sadness",1,24
"1446",3902,"anger",1,24
"1447",3902,"disgust",1,24
"1448",3902,"fear",1,24
"1449",3902,"sadness",1,24
"1450",3905,"anger",1,24
"1451",3905,"disgust",1,24
"1452",3905,"fear",1,24
"1453",3905,"sadness",1,24
"1454",3910,"anger",2,24
"1455",3910,"disgust",2,24
"1456",3910,"sadness",2,24
"1457",3912,"anger",2,24
"1458",3912,"disgust",2,24
"1459",3912,"sadness",2,24
"1460",3918,"fear",1,24
"1461",3921,"anger",1,24
"1462",3921,"sadness",1,24
"1463",3923,"disgust",1,24
"1464",3927,"disgust",1,24
"1465",3947,"anger",1,24
"1466",3947,"fear",1,24
"1467",3947,"sadness",1,24
"1468",3951,"anger",1,24
"1469",3951,"fear",1,24
"1470",3951,"sadness",1,24
"1471",3955,"anger",1,24
"1472",3955,"disgust",1,24
"1473",3972,"sadness",1,25
"1474",3972,"surprise",1,25
"1475",3983,"anticipation",1,25
"1476",3983,"fear",2,25
"1477",3983,"joy",1,25
"1478",3983,"sadness",1,25
"1479",3983,"trust",1,25
"1480",3985,"anger",1,25
"1481",3985,"fear",1,25
"1482",3997,"trust",1,25
"1483",4000,"anticipation",1,25
"1484",4000,"joy",1,25
"1485",4000,"trust",2,25
"1486",4005,"anticipation",1,25
"1487",4005,"joy",1,25
"1488",4011,"surprise",1,25
"1489",4014,"anticipation",1,25
"1490",4014,"joy",1,25
"1491",4018,"anger",1,25
"1492",4018,"fear",1,25
"1493",4018,"sadness",1,25
"1494",4021,"anticipation",1,25
"1495",4021,"joy",1,25
"1496",4021,"trust",1,25
"1497",4025,"anger",1,25
"1498",4029,"anger",1,25
"1499",4029,"disgust",1,25
"1500",4035,"anger",1,25
"1501",4036,"anger",2,25
"1502",4039,"anger",1,25
"1503",4049,"anticipation",2,25
"1504",4049,"joy",1,25
"1505",4049,"trust",1,25
"1506",4051,"anticipation",1,25
"1507",4052,"anticipation",1,25
"1508",4059,"anger",1,25
"1509",4059,"sadness",1,25
"1510",4060,"joy",1,25
"1511",4060,"trust",1,25
"1512",4061,"anticipation",1,25
"1513",4061,"fear",1,25
"1514",4069,"anticipation",1,25
"1515",4069,"joy",1,25
"1516",4069,"surprise",1,25
"1517",4070,"anticipation",1,25
"1518",4070,"joy",1,25
"1519",4070,"surprise",1,25
"1520",4072,"surprise",1,25
"1521",4076,"surprise",1,25
"1522",4077,"fear",1,25
"1523",4086,"surprise",1,25
"1524",4103,"anticipation",1,25
"1525",4105,"anticipation",1,25
"1526",4109,"trust",1,25
"1527",4120,"anger",1,25
"1528",4120,"disgust",1,25
"1529",4120,"fear",1,25
"1530",4120,"sadness",1,25
"1531",4133,"anger",1,26
"1532",4133,"fear",1,26
"1533",4137,"anticipation",1,26
"1534",4137,"joy",1,26
"1535",4137,"trust",1,26
"1536",4145,"joy",1,26
"1537",4145,"trust",1,26
"1538",4153,"surprise",1,26
"1539",4168,"anticipation",1,26
"1540",4178,"anger",1,26
"1541",4178,"fear",1,26
"1542",4178,"surprise",1,26
"1543",4180,"anger",1,26
"1544",4180,"fear",1,26
"1545",4180,"sadness",1,26
"1546",4181,"anticipation",1,26
"1547",4181,"trust",1,26
"1548",4193,"anticipation",1,26
"1549",4193,"joy",1,26
"1550",4193,"trust",1,26
"1551",4204,"surprise",1,26
"1552",4205,"surprise",1,26
"1553",4209,"sadness",1,26
"1554",4217,"anger",1,26
"1555",4217,"disgust",2,26
"1556",4217,"fear",1,26
"1557",4217,"sadness",1,26
"1558",4221,"anger",1,26
"1559",4221,"anticipation",1,26
"1560",4221,"disgust",1,26
"1561",4221,"fear",1,26
"1562",4245,"anticipation",1,26
"1563",4251,"anticipation",1,26
"1564",4251,"trust",1,26
"1565",4256,"anticipation",1,26
"1566",4256,"trust",1,26
"1567",4266,"trust",1,26
"1568",4268,"trust",1,26
"1569",4269,"trust",1,26
"1570",4275,"anger",1,26
"1571",4275,"disgust",1,26
"1572",4297,"anger",1,27
"1573",4297,"anticipation",1,27
"1574",4297,"fear",1,27
"1575",4297,"joy",1,27
"1576",4297,"surprise",1,27
"1577",4308,"surprise",1,27
"1578",4319,"anticipation",1,27
"1579",4319,"fear",1,27
"1580",4319,"joy",1,27
"1581",4319,"surprise",1,27
"1582",4319,"trust",1,27
"1583",4341,"anticipation",1,27
"1584",4356,"fear",1,27
"1585",4356,"surprise",1,27
"1586",4367,"anger",1,27
"1587",4367,"disgust",1,27
"1588",4367,"fear",1,27
"1589",4367,"sadness",1,27
"1590",4382,"anger",1,27
"1591",4382,"disgust",1,27
"1592",4382,"fear",1,27
"1593",4399,"anger",1,27
"1594",4399,"fear",1,27
"1595",4399,"sadness",1,27
"1596",4402,"anger",1,27
"1597",4402,"anticipation",1,27
"1598",4402,"disgust",1,27
"1599",4402,"fear",1,27
"1600",4402,"sadness",1,27
"1601",4402,"surprise",1,27
"1602",4402,"trust",1,27
"1603",4429,"joy",1,27
"1604",4429,"trust",1,27
"1605",4432,"fear",1,27
"1606",4432,"trust",1,27
"1607",4434,"trust",1,27
"1608",4435,"anger",1,27
"1609",4435,"sadness",1,27
"1610",4438,"sadness",1,27
"1611",4472,"trust",1,28
"1612",4473,"anger",1,28
"1613",4473,"sadness",1,28
"1614",4475,"disgust",1,28
"1615",4475,"fear",1,28
"1616",4476,"anger",1,28
"1617",4476,"fear",1,28
"1618",4487,"anticipation",1,28
"1619",4487,"joy",2,28
"1620",4487,"surprise",1,28
"1621",4487,"trust",1,28
"1622",4490,"joy",1,28
"1623",4492,"anticipation",1,28
"1624",4495,"anticipation",1,28
"1625",4519,"anticipation",1,28
"1626",4519,"joy",1,28
"1627",4519,"trust",1,28
"1628",4520,"anticipation",1,28
"1629",4520,"disgust",1,28
"1630",4520,"joy",1,28
"1631",4520,"trust",1,28
"1632",4530,"anger",1,28
"1633",4530,"disgust",1,28
"1634",4530,"fear",1,28
"1635",4530,"sadness",1,28
"1636",4531,"joy",1,28
"1637",4538,"joy",1,28
"1638",4540,"joy",1,28
"1639",4542,"anticipation",1,28
"1640",4542,"joy",1,28
"1641",4542,"surprise",1,28
"1642",4554,"anticipation",1,28
"1643",4555,"fear",1,28
"1644",4567,"surprise",1,28
"1645",4581,"sadness",1,28
"1646",4584,"sadness",1,28
"1647",4593,"anticipation",1,28
"1648",4593,"fear",1,28
"1649",4593,"joy",1,28
"1650",4593,"trust",1,28
"1651",4601,"anger",1,28
"1652",4601,"anticipation",1,28
"1653",4601,"trust",1,28
"1654",4602,"joy",1,28
"1655",4602,"surprise",1,28
"1656",4605,"anger",1,28
"1657",4605,"fear",1,28
"1658",4605,"sadness",1,28
"1659",4606,"anticipation",1,28
"1660",4606,"fear",1,28
"1661",4606,"joy",1,28
"1662",4606,"trust",1,28
"1663",4609,"disgust",1,28
"1664",4618,"trust",1,28
"1665",4625,"anger",1,29
"1666",4625,"disgust",1,29
"1667",4627,"joy",1,29
"1668",4627,"trust",1,29
"1669",4628,"anger",1,29
"1670",4628,"fear",1,29
"1671",4628,"sadness",1,29
"1672",4630,"anger",1,29
"1673",4630,"fear",1,29
"1674",4630,"sadness",1,29
"1675",4634,"anger",1,29
"1676",4634,"fear",1,29
"1677",4642,"anticipation",1,29
"1678",4642,"joy",1,29
"1679",4642,"trust",1,29
"1680",4643,"anticipation",1,29
"1681",4643,"joy",1,29
"1682",4643,"trust",1,29
"1683",4663,"anticipation",1,29
"1684",4665,"sadness",1,29
"1685",4666,"sadness",1,29
"1686",4676,"anticipation",1,29
"1687",4680,"anger",1,29
"1688",4680,"sadness",1,29
"1689",4680,"trust",1,29
"1690",4681,"anger",1,29
"1691",4681,"sadness",1,29
"1692",4681,"surprise",1,29
"1693",4681,"trust",1,29
"1694",4682,"anger",1,29
"1695",4684,"anticipation",1,29
"1696",4684,"fear",1,29
"1697",4684,"joy",1,29
"1698",4684,"trust",1,29
"1699",4685,"anticipation",1,29
"1700",4686,"anger",1,29
"1701",4686,"fear",1,29
"1702",4686,"sadness",1,29
"1703",4686,"surprise",1,29
"1704",4686,"trust",1,29
"1705",4688,"trust",1,29
"1706",4689,"anger",1,29
"1707",4689,"fear",2,29
"1708",4689,"sadness",1,29
"1709",4689,"surprise",1,29
"1710",4690,"anger",1,29
"1711",4690,"fear",1,29
"1712",4691,"anger",1,29
"1713",4691,"sadness",1,29
"1714",4691,"trust",1,29
"1715",4694,"anger",1,29
"1716",4694,"sadness",1,29
"1717",4694,"trust",1,29
"1718",4696,"trust",1,29
"1719",4699,"anticipation",1,29
"1720",4713,"trust",1,29
"1721",4716,"anticipation",1,29
"1722",4716,"joy",1,29
"1723",4721,"joy",1,29
"1724",4721,"trust",1,29
"1725",4723,"anticipation",1,29
"1726",4723,"joy",1,29
"1727",4724,"trust",1,29
"1728",4725,"anticipation",1,29
"1729",4726,"sadness",2,29
"1730",4727,"trust",1,29
"1731",4729,"trust",1,29
"1732",4735,"trust",1,29
"1733",4736,"anger",1,29
"1734",4736,"fear",1,29
"1735",4739,"trust",1,29
"1736",4743,"anticipation",1,29
"1737",4743,"trust",1,29
"1738",4746,"anticipation",1,29
"1739",4746,"fear",2,29
"1740",4746,"sadness",1,29
"1741",4746,"trust",1,29
"1742",4747,"anger",1,29
"1743",4747,"anticipation",1,29
"1744",4748,"fear",1,29
"1745",4748,"trust",1,29
"1746",4760,"anticipation",1,29
"1747",4760,"joy",1,29
"1748",4760,"trust",1,29
"1749",4764,"anticipation",1,29
"1750",4764,"joy",1,29
"1751",4764,"trust",1,29
"1752",4769,"trust",1,29
"1753",4770,"trust",1,29
"1754",4774,"anger",1,29
"1755",4774,"fear",1,29
"1756",4776,"anticipation",1,29
"1757",4777,"trust",1,29
"1758",4785,"anger",1,30
"1759",4785,"fear",1,30
"1760",4786,"trust",1,30
"1761",4799,"anger",1,30
"1762",4799,"sadness",1,30
"1763",4799,"trust",1,30
"1764",4800,"anger",1,30
"1765",4800,"sadness",1,30
"1766",4800,"trust",1,30
"1767",4801,"anger",1,30
"1768",4801,"fear",1,30
"1769",4812,"anger",1,30
"1770",4812,"trust",1,30
"1771",4815,"anticipation",1,30
"1772",4815,"joy",1,30
"1773",4815,"trust",1,30
"1774",4820,"anticipation",1,30
"1775",4820,"fear",1,30
"1776",4820,"trust",1,30
"1777",4821,"anticipation",1,30
"1778",4821,"surprise",1,30
"1779",4824,"trust",1,30
"1780",4832,"anticipation",1,30
"1781",4832,"joy",1,30
"1782",4832,"trust",1,30
"1783",4839,"anger",1,30
"1784",4839,"fear",1,30
"1785",4846,"anger",1,30
"1786",4846,"fear",1,30
"1787",4857,"anger",1,30
"1788",4857,"disgust",1,30
"1789",4857,"fear",1,30
"1790",4857,"sadness",1,30
"1791",4859,"anticipation",1,30
"1792",4859,"joy",1,30
"1793",4859,"trust",1,30
"1794",4860,"joy",1,30
"1795",4860,"surprise",1,30
"1796",4860,"trust",1,30
"1797",4869,"anger",1,30
"1798",4869,"anticipation",1,30
"1799",4869,"joy",1,30
"1800",4869,"sadness",1,30
"1801",4869,"surprise",1,30
"1802",4869,"trust",1,30
"1803",4881,"trust",1,30
"1804",4887,"disgust",1,30
"1805",4897,"anticipation",1,30
"1806",4906,"anticipation",1,30
"1807",4906,"joy",1,30
"1808",4906,"surprise",1,30
"1809",4906,"trust",1,30
"1810",4911,"anticipation",2,30
"1811",4911,"joy",1,30
"1812",4911,"trust",1,30
"1813",4913,"anticipation",1,30
"1814",4926,"anticipation",1,30
"1815",4928,"anticipation",1,30
"1816",4928,"joy",1,30
"1817",4934,"joy",1,30
"1818",4934,"surprise",1,30
"1819",4934,"trust",1,30
"1820",4936,"anticipation",2,30
"1821",4936,"joy",1,30
"1822",4936,"surprise",1,30
